sentiment_label,num_videos,avg_views
Negative,5820,2679311.0080756014
Neutral,23637,2500681.468798917
Positive,11492,1911727.4805951966
